id,rut,nombre,edad,sexo,ocupacion,ingreso_mensual_clp,segmento,antiguedad_cliente_meses,ejecutivo_asignado,sucursal,regional,n_productos_activos,n_productos_inactivos,tiene_cuenta_corriente,tiene_tarjeta_credito,tiene_credito_consumo,tiene_inversion,tiene_seguro,saldo_promedio_clp,n_transacciones_mes,abona_sueldo,transferencias_entrantes_clp,transferencias_salientes_clp,usa_app,usa_web,canal_preferido_contacto,banco_secundario,recibe_sueldo_otro_banco,usa_tc_otro_banco,score_riesgo,capacidad_endeudamiento_clp,monto_preaprobado_credito_clp,monto_preaprobado_tc_clp,dias_desde_ultimo_contacto
206,99.206.000-K,ClaudiaFresa Test,43,M,Vendedor,1087648,masivo,41,EjecutivoPomelo 07,Ñuñoa,RM Sur,2,2,True,False,True,False,True,233520,18,True,374084,660676,False,False,app,,False,False,392,1060135,911150,417886,78
237,99.237.000-K,DiegoArándano Falso,38,F,Ingeniero,3322144,select,137,EjecutivoJackfruit 18,Las Condes,RM Sur,4,2,False,True,False,False,False,3939616,32,False,1640626,2536765,False,True,app,,True,False,555,5528120,1194900,1696008,31
1,99.001.000-K,CarlosMango Demo,52,F,Profesor,643538,masivo,159,EjecutivoBanana 02,Providencia,RM Norte,2,1,True,True,True,False,False,79728,14,True,415397,518323,True,True,app,,False,True,502,1905729,300519,365979,86
2,99.002.000-K,AnaKiwi Prueba,39,M,Médico,3421818,select,201,EjecutivoCereza 03,Las Condes,RM Oriente,3,1,True,False,False,False,True,736532,18,False,3928816,1083625,True,False,email,,False,False,606,6803848,2980923,1344405,9
3,99.003.000-K,PedroLimón Ficticio,48,F,Economista,1085051,masivo,18,EjecutivoTamarindo 04,Providencia,RM Norte,1,0,True,True,True,False,True,58606,17,True,856503,497824,False,True,sms,,False,False,470,1177828,218966,304607,73
4,99.004.000-K,MaríaPera Ejemplo,40,M,Profesor,1496747,select,51,EjecutivoLichee 05,Ñuñoa,RM Poniente,2,1,True,True,True,False,False,649534,42,True,629672,1199034,True,True,sms,,False,False,552,2754478,3762524,729196,18
5,99.005.000-K,JorgeUva Falso,68,F,Consultor,878822,masivo,125,EjecutivoJackfruit 06,Vitacura,RM Poniente,2,2,False,True,False,False,False,610450,11,False,389365,309803,True,True,app,Falabella,False,False,396,1765602,689150,470628,55
6,99.006.000-K,ClaudiaFresa Test,46,M,Técnico,7306786,premium,182,EjecutivoPomelo 07,Las Condes,RM Oriente,3,0,True,False,False,True,False,12857669,98,False,2776832,1839399,True,True,sms,Ripley,False,False,930,12994385,13313495,3697387,3
7,99.007.000-K,DiegoMelón Simulado,56,F,Contador,590801,masivo,191,EjecutivoRambután 08,Santiago Centro,RM Poniente,2,4,True,False,True,False,False,249113,19,False,549101,236506,False,True,email,,False,True,411,1386154,505434,486685,177
8,99.008.000-K,ValentinaSandía Muestra,40,F,Arquitecto,1485082,select,64,EjecutivoCarambola 09,Las Condes,RM Poniente,3,1,False,True,True,False,False,1670468,37,True,496250,1311265,False,False,sms,,False,False,552,4481948,3442236,1378769,18
9,99.009.000-K,FelipePapaya Demo,23,F,Técnico,976786,masivo,102,EjecutivoBanana 10,Santiago Centro,RM Oriente,2,2,False,False,False,True,True,165382,6,True,745660,438261,False,True,email,,False,False,337,458279,567436,466304,111
10,99.010.000-K,SofíaCiruela Prueba,23,M,Médico,6903820,premium,94,EjecutivoCereza 11,Maipú,RM Oriente,3,0,False,True,False,True,False,11021385,104,False,3652809,4451812,True,True,ejecutivo,,False,True,960,20170268,13695836,2967179,37
11,99.011.000-K,CarlosDurazno Ficticio,46,F,Gerente,526153,masivo,154,EjecutivoTamarindo 12,Las Condes,RM Oriente,3,3,False,True,False,False,False,178351,12,False,511813,328613,True,False,email,BICE,False,False,359,795369,945460,366043,100
12,99.012.000-K,AnaHigo Ejemplo,29,F,Contador,539444,masivo,128,EjecutivoLichee 13,Ñuñoa,RM Poniente,2,3,True,True,True,False,False,469359,3,True,403830,204001,False,False,llamada,,True,False,338,592921,131279,118794,145
13,99.013.000-K,PedroGuayaba Falso,45,M,Gerente,654136,masivo,136,EjecutivoJackfruit 14,Las Condes,RM Sur,2,1,True,False,True,False,False,332517,7,False,332024,195552,False,False,app,,False,False,405,731576,859403,278246,143
14,99.014.000-K,MaríaMaracuyá Test,51,M,Técnico,459660,masivo,142,EjecutivoPomelo 15,San Miguel,RM Poniente,3,0,False,True,True,True,True,184200,6,True,150963,196669,True,True,email,,False,False,329,1275099,712980,114390,53
15,99.015.000-K,JorgeLichi Simulado,57,M,Médico,8568869,premium,226,EjecutivoRambután 16,Vitacura,RM Oriente,4,0,True,True,False,False,True,10464274,38,True,9979727,7406356,True,True,llamada,,True,False,854,23201191,16703766,2578463,18
16,99.016.000-K,ClaudiaFrambuesa Muestra,28,M,Consultor,1149842,masivo,212,EjecutivoCarambola 17,Las Condes,RM Poniente,1,3,True,True,True,False,False,506387,15,True,1253353,633902,False,True,llamada,,True,False,381,356358,128704,248811,98
17,99.017.000-K,DiegoArándano Demo,36,F,Técnico,6880382,premium,227,EjecutivoBanana 18,Las Condes,RM Poniente,5,0,True,False,False,False,False,8274161,59,True,5726617,2973318,False,False,llamada,,False,False,721,8676402,13914625,5064292,16
18,99.018.000-K,ValentinaCoco Prueba,43,M,Contador,2594923,select,59,EjecutivoCereza 19,Ñuñoa,RM Sur,4,2,True,True,False,False,False,1047622,20,True,1475087,790406,True,False,ejecutivo,,True,False,640,7085325,4753055,630918,28
19,99.019.000-K,FelipePiña Ficticio,62,M,Contador,1039345,masivo,102,EjecutivoTamarindo 20,San Miguel,RM Norte,3,3,True,True,True,False,True,698327,17,True,953865,446715,False,True,email,,False,True,523,1190350,642637,357596,90
20,99.020.000-K,SofíaMenta Ejemplo,38,M,Profesor,3105434,select,130,EjecutivoLichee 01,Santiago Centro,RM Norte,4,0,False,True,True,False,True,2348496,10,True,1489852,2715681,True,True,sms,,True,True,586,2376626,2256436,721568,62
21,99.021.000-K,CarlosMango Falso,42,M,Abogado,751618,masivo,79,EjecutivoJackfruit 02,Maipú,RM Norte,2,1,True,False,True,False,False,436059,20,False,596985,194872,False,False,llamada,Falabella,True,False,326,1632678,974603,408558,115
22,99.022.000-K,AnaKiwi Test,32,F,Analista,7516941,premium,188,EjecutivoPomelo 03,Las Condes,RM Oriente,4,2,True,True,True,True,False,12904538,114,True,6747383,5905054,True,True,sms,,False,False,719,23659371,11387063,4155315,30
23,99.023.000-K,PedroLimón Simulado,58,M,Abogado,3238802,select,62,EjecutivoRambután 04,Maipú,RM Sur,4,2,True,True,True,True,False,2909573,28,True,2753337,2274678,True,True,app,Itaú,False,False,555,2817934,4259773,1813326,59
24,99.024.000-K,MaríaPera Muestra,63,M,Arquitecto,1255567,select,105,EjecutivoCarambola 05,San Miguel,RM Oriente,4,3,False,True,True,True,False,2931706,42,True,1331602,419990,True,True,llamada,Banco Estado,True,False,690,4449096,4231419,1041736,13
25,99.025.000-K,JorgeUva Demo,60,F,Analista,721186,masivo,187,EjecutivoBanana 06,Las Condes,RM Oriente,3,1,True,False,False,False,True,453881,2,False,324527,633372,False,False,email,Ripley,False,False,455,872339,863885,270179,87
26,99.026.000-K,ClaudiaFresa Prueba,65,M,Gerente,819027,masivo,111,EjecutivoCereza 07,San Miguel,RM Oriente,2,0,True,False,True,False,False,531484,9,True,556096,493333,True,False,llamada,,True,False,372,1151649,453027,407312,54
27,99.027.000-K,DiegoMelón Ficticio,24,F,Economista,4134475,premium,119,EjecutivoTamarindo 08,Providencia,RM Sur,4,0,True,True,True,False,False,13784241,85,True,1476326,1889883,True,True,email,,True,True,700,29931758,9874564,3341119,12
28,99.028.000-K,ValentinaSandía Ejemplo,44,F,Profesor,1141289,masivo,32,EjecutivoLichee 09,Maipú,RM Oriente,1,0,False,True,False,True,False,643364,8,False,367251,716831,False,False,llamada,,True,False,375,1123878,110147,236294,129
29,99.029.000-K,FelipePapaya Falso,62,M,Vendedor,527267,masivo,43,EjecutivoJackfruit 10,Maipú,RM Norte,2,1,True,True,False,True,False,112689,3,False,435494,244662,True,False,app,Banco Estado,False,True,366,988952,575149,329945,38
30,99.030.000-K,SofíaCiruela Test,27,F,Ingeniero,6881752,premium,197,EjecutivoPomelo 11,Vitacura,RM Sur,5,1,True,True,True,True,False,14563968,81,True,4386273,4047884,True,False,ejecutivo,,False,False,870,26225854,12633216,3716980,18
31,99.031.000-K,CarlosDurazno Simulado,50,M,Abogado,759941,masivo,114,EjecutivoRambután 12,Vitacura,RM Norte,2,0,False,True,False,False,False,658772,14,False,604031,323783,True,False,llamada,,True,False,308,1263936,685101,310011,92
32,99.032.000-K,AnaHigo Muestra,30,F,Médico,1036877,masivo,142,EjecutivoCarambola 13,Santiago Centro,RM Poniente,3,2,True,True,False,False,True,680676,17,True,964402,829751,True,True,ejecutivo,Ripley,True,False,524,1725235,758742,389862,162
33,99.033.000-K,PedroGuayaba Demo,57,M,Vendedor,1317768,select,72,EjecutivoBanana 14,San Miguel,RM Poniente,4,0,True,True,False,True,False,2773986,40,True,1095203,1001350,True,False,app,Scotiabank,True,False,644,6353611,3504409,1152931,40
34,99.034.000-K,MaríaMaracuyá Prueba,46,F,Profesor,916866,masivo,238,EjecutivoCereza 15,San Miguel,RM Sur,1,2,False,True,True,True,False,599600,7,True,734166,435259,True,True,email,Falabella,False,True,379,746860,639523,348666,146
35,99.035.000-K,JorgeLichi Ficticio,42,M,Analista,881581,masivo,135,EjecutivoTamarindo 16,Ñuñoa,RM Sur,2,3,False,False,True,True,False,708894,20,False,386916,353370,False,True,email,Falabella,False,False,494,1022001,692839,169704,175
36,99.036.000-K,ClaudiaFrambuesa Ejemplo,24,F,Ingeniero,7379145,premium,68,EjecutivoLichee 17,Maipú,RM Oriente,4,2,False,False,True,True,False,2869395,84,True,2495353,6222241,False,True,email,Banco Estado,True,False,971,16886728,18389371,2738265,17
37,99.037.000-K,DiegoArándano Falso,42,F,Consultor,414871,masivo,234,EjecutivoJackfruit 18,Providencia,RM Sur,1,2,True,False,False,False,False,477453,7,False,438338,257790,True,True,app,Itaú,False,False,308,1293632,839334,432733,87
38,99.038.000-K,ValentinaCoco Test,29,F,Abogado,1707254,select,212,EjecutivoPomelo 19,Las Condes,RM Oriente,3,0,True,False,False,False,False,3307823,45,True,735666,555323,True,True,email,,False,True,555,4731944,1238012,747511,42
39,99.039.000-K,FelipePiña Simulado,32,M,Técnico,2060408,select,54,EjecutivoRambután 20,Maipú,RM Sur,3,0,True,False,True,False,False,1175304,49,False,851239,1057359,True,True,app,,False,False,577,6112446,1125987,1923959,42
40,99.040.000-K,SofíaMenta Muestra,22,M,Consultor,2891507,select,226,EjecutivoCarambola 01,Santiago Centro,RM Poniente,2,1,True,True,True,True,False,796718,13,True,3464209,1603820,True,True,ejecutivo,Falabella,False,True,699,3183757,3359061,676259,49
41,99.041.000-K,CarlosMango Demo,62,F,Analista,8474444,premium,105,EjecutivoBanana 02,Maipú,RM Oriente,4,2,False,True,True,False,False,5472933,69,True,6775925,7589932,True,False,app,,False,True,917,16190760,5799200,2662260,17
42,99.042.000-K,AnaKiwi Prueba,52,M,Gerente,634239,masivo,160,EjecutivoCereza 03,Providencia,RM Poniente,2,4,False,True,False,False,False,203667,3,True,700189,517967,False,True,app,Ripley,False,False,372,1368978,306445,231845,121
43,99.043.000-K,PedroLimón Ficticio,55,M,Gerente,433646,masivo,69,EjecutivoTamarindo 04,Las Condes,RM Norte,1,1,True,True,False,False,False,784586,10,False,442973,299343,False,False,ejecutivo,Itaú,True,True,534,411323,302187,227365,157
44,99.044.000-K,MaríaPera Ejemplo,37,F,Arquitecto,3278326,select,122,EjecutivoLichee 05,Ñuñoa,RM Poniente,3,3,True,True,False,True,True,1090207,43,True,1882118,1031877,True,False,email,,False,True,588,3757948,4384216,1278372,9
45,99.045.000-K,JorgeUva Falso,23,F,Ingeniero,1344040,select,124,EjecutivoJackfruit 06,Maipú,RM Norte,4,1,False,True,True,False,False,2452774,44,False,830784,1041097,False,True,app,BICE,False,False,644,2499073,4928273,687626,62
46,99.046.000-K,ClaudiaFresa Test,38,F,Administrador,1021838,masivo,76,EjecutivoPomelo 07,Las Condes,RM Norte,2,2,True,True,False,False,False,175925,19,False,882532,813890,True,False,sms,Ripley,True,False,489,732891,631658,120677,61
47,99.047.000-K,DiegoMelón Simulado,22,M,Abogado,851271,masivo,221,EjecutivoRambután 08,Maipú,RM Norte,2,4,True,False,True,False,True,297648,15,True,279012,685207,False,False,ejecutivo,,False,False,520,1112885,196452,430238,165
48,99.048.000-K,ValentinaSandía Muestra,58,M,Contador,6386846,premium,168,EjecutivoCarambola 09,Ñuñoa,RM Sur,3,1,False,True,True,False,False,6491846,90,False,5368659,5340234,False,False,ejecutivo,Falabella,False,False,771,18668230,14421476,5541319,26
49,99.049.000-K,FelipePapaya Demo,37,M,Vendedor,1176244,masivo,71,EjecutivoBanana 10,Maipú,RM Poniente,1,0,False,True,True,False,True,518421,2,False,711205,449294,True,False,ejecutivo,Itaú,True,False,396,1889443,554706,238861,96
50,99.050.000-K,SofíaCiruela Prueba,39,M,Analista,625577,masivo,224,EjecutivoCereza 11,Las Condes,RM Sur,1,1,True,True,True,True,True,622792,5,False,535200,537280,False,False,sms,,False,False,429,1689878,162312,193201,177
51,99.051.000-K,CarlosDurazno Ficticio,47,M,Arquitecto,718902,masivo,31,EjecutivoTamarindo 12,Santiago Centro,RM Poniente,2,0,False,True,True,False,True,461340,12,False,458245,540214,False,False,email,,True,False,507,1705370,506896,272694,131
52,99.052.000-K,AnaHigo Ejemplo,52,M,Administrador,1326410,select,155,EjecutivoLichee 13,Ñuñoa,RM Norte,4,0,True,True,True,False,False,2966825,23,True,909263,978527,True,True,llamada,,False,False,680,4043880,1376430,1791413,19
53,99.053.000-K,PedroGuayaba Falso,34,F,Abogado,2897730,select,95,EjecutivoJackfruit 14,San Miguel,RM Sur,3,2,True,True,True,True,True,2814039,35,True,3405341,1862877,False,False,app,Itaú,False,False,645,3194748,3071334,910654,16
54,99.054.000-K,MaríaMaracuyá Test,24,F,Economista,7532145,premium,106,EjecutivoPomelo 15,Vitacura,RM Oriente,6,1,True,False,False,True,False,13805258,118,True,3379549,2151354,True,True,llamada,,True,True,720,26183651,18698566,4611126,9
55,99.055.000-K,JorgeLichi Simulado,39,F,Diseñador,427416,masivo,147,EjecutivoRambután 16,Providencia,RM Oriente,2,0,False,False,True,False,False,605105,19,True,457002,226247,False,False,sms,Falabella,False,False,329,232187,858098,178668,31
56,99.056.000-K,ClaudiaFrambuesa Muestra,62,M,Diseñador,389855,masivo,114,EjecutivoCarambola 17,Vitacura,RM Sur,1,0,True,False,True,False,True,681396,2,True,148433,239177,False,True,ejecutivo,,False,False,387,214709,845325,291010,80
57,99.057.000-K,DiegoArándano Demo,55,F,Profesor,4557346,premium,220,EjecutivoBanana 18,San Miguel,RM Norte,4,0,True,False,True,True,False,10944219,92,False,2717740,3018192,True,True,app,,False,False,904,12290182,10483111,4697133,18
58,99.058.000-K,ValentinaCoco Prueba,39,F,Analista,501522,masivo,174,EjecutivoCereza 19,Ñuñoa,RM Poniente,1,2,True,True,False,False,False,722783,6,False,523526,319971,False,False,llamada,,False,False,482,1635437,107975,406358,20
59,99.059.000-K,FelipePiña Ficticio,47,M,Diseñador,500379,masivo,55,EjecutivoTamarindo 20,Las Condes,RM Poniente,2,1,True,True,True,False,False,639571,20,True,585852,434648,True,False,llamada,,False,False,524,1700048,252803,306739,101
60,99.060.000-K,SofíaMenta Ejemplo,26,M,Abogado,797621,masivo,99,EjecutivoLichee 01,Maipú,RM Oriente,2,3,True,False,False,True,True,628599,8,False,578175,382310,False,True,email,,False,True,378,1524093,914475,382612,111
61,99.061.000-K,CarlosMango Falso,55,M,Contador,2968544,select,195,EjecutivoJackfruit 02,Santiago Centro,RM Oriente,3,3,True,True,False,False,True,3408479,18,False,1570063,1713803,True,False,email,,True,False,629,5381200,1855812,1558277,36
62,99.062.000-K,AnaKiwi Test,61,M,Médico,1645536,select,178,EjecutivoPomelo 03,Maipú,RM Norte,4,2,True,True,True,False,False,1361817,50,True,1860487,714619,True,True,llamada,Ripley,True,True,667,6845337,3655577,1122026,67
63,99.063.000-K,PedroLimón Simulado,55,F,Vendedor,3273785,select,29,EjecutivoRambután 04,Maipú,RM Sur,3,2,True,True,True,False,False,914053,46,True,2069854,2009333,True,True,ejecutivo,,True,False,597,6743572,4447310,587359,28
64,99.064.000-K,MaríaPera Muestra,63,F,Administrador,841346,masivo,40,EjecutivoCarambola 05,Vitacura,RM Sur,2,1,True,True,True,False,True,322981,6,True,269558,668060,True,True,ejecutivo,,False,False,333,1420875,277119,477779,91
65,99.065.000-K,JorgeUva Demo,23,F,Consultor,991365,masivo,104,EjecutivoBanana 06,Maipú,RM Norte,2,0,True,False,False,False,True,725964,7,True,991358,666087,False,False,ejecutivo,,False,True,488,565317,426875,496744,141
66,99.066.000-K,ClaudiaFresa Prueba,58,F,Economista,1143989,masivo,220,EjecutivoCereza 07,Las Condes,RM Poniente,2,0,True,True,True,False,True,461865,12,False,930808,494597,False,False,app,Itaú,False,False,312,1196499,462147,453960,99
67,99.067.000-K,DiegoMelón Ficticio,42,F,Profesor,610568,masivo,67,EjecutivoTamarindo 08,Las Condes,RM Poniente,2,1,True,True,False,False,False,262714,9,False,283727,269367,False,False,ejecutivo,,False,False,503,434006,810289,157320,91
68,99.068.000-K,ValentinaSandía Ejemplo,54,F,Ingeniero,688257,masivo,27,EjecutivoLichee 09,Vitacura,RM Norte,3,3,True,True,False,False,False,469320,12,False,792570,430216,True,False,app,BICE,True,False,443,914771,830847,166401,89
69,99.069.000-K,FelipePapaya Falso,67,F,Profesor,1100825,masivo,209,EjecutivoJackfruit 10,Vitacura,RM Norte,1,2,True,False,False,True,True,136701,16,True,407164,460201,True,True,llamada,BICE,False,True,542,1442809,263161,486139,60
70,99.070.000-K,SofíaCiruela Test,41,M,Gerente,2150074,select,234,EjecutivoPomelo 11,Las Condes,RM Poniente,3,0,True,True,False,True,True,2584356,36,True,2086289,1505019,False,True,sms,,False,False,671,4615697,1417981,1037892,57
71,99.071.000-K,CarlosDurazno Simulado,62,M,Contador,720334,masivo,63,EjecutivoRambután 12,Vitacura,RM Oriente,1,4,True,True,False,False,False,615235,20,True,742715,253848,False,False,email,,False,True,339,320286,588348,286018,107
72,99.072.000-K,AnaHigo Muestra,59,M,Analista,1410206,select,156,EjecutivoCarambola 13,Ñuñoa,RM Oriente,3,1,False,False,True,False,True,3625573,29,True,1219791,930298,True,False,app,,False,True,571,7308079,4564163,1596386,29
73,99.073.000-K,PedroGuayaba Demo,52,F,Médico,3180088,select,194,EjecutivoBanana 14,Las Condes,RM Sur,4,3,True,True,True,True,False,1172512,24,False,2768045,1799292,True,True,sms,,False,False,569,7829028,4234215,749965,80
74,99.074.000-K,MaríaMaracuyá Prueba,27,M,Enfermero,1540521,select,3,EjecutivoCereza 15,Santiago Centro,RM Oriente,4,3,True,True,False,True,False,1128143,37,True,1597843,405938,True,False,email,,False,False,599,4127556,2639482,1004144,79
75,99.075.000-K,JorgeLichi Ficticio,37,M,Técnico,1093618,masivo,142,EjecutivoTamarindo 16,Ñuñoa,RM Poniente,1,3,False,True,True,True,True,166693,3,True,344446,772227,False,False,email,,False,False,531,1420901,399370,133669,95
76,99.076.000-K,ClaudiaFrambuesa Ejemplo,57,F,Diseñador,647539,masivo,235,EjecutivoLichee 17,Providencia,RM Oriente,3,3,False,True,True,False,False,243298,13,True,524631,214159,False,False,app,,True,True,520,1204377,463436,340451,20
77,99.077.000-K,DiegoArándano Falso,41,M,Vendedor,415396,masivo,158,EjecutivoJackfruit 18,San Miguel,RM Norte,2,1,True,True,False,False,False,597251,10,True,237184,127179,False,True,llamada,Banco Estado,False,False,437,1640280,222353,349910,83
78,99.078.000-K,ValentinaCoco Test,61,M,Administrador,1109714,masivo,187,EjecutivoPomelo 19,Ñuñoa,RM Poniente,2,0,False,False,True,False,False,176861,15,False,1137519,824678,True,False,email,,True,False,335,1301796,441227,378063,75
79,99.079.000-K,FelipePiña Simulado,52,M,Enfermero,866147,masivo,192,EjecutivoRambután 20,Santiago Centro,RM Poniente,2,3,False,False,True,False,True,360773,6,False,850438,371027,False,False,sms,,False,False,327,1789020,649086,464067,121
80,99.080.000-K,SofíaMenta Muestra,28,M,Gerente,2635380,select,103,EjecutivoCarambola 01,Las Condes,RM Oriente,4,0,False,True,True,False,True,3167867,17,True,1686283,1405377,False,True,llamada,Banco Estado,False,True,570,4791708,1671820,1953405,15
81,99.081.000-K,CarlosMango Demo,58,F,Contador,354737,masivo,183,EjecutivoBanana 02,Vitacura,RM Oriente,3,3,False,False,False,False,True,235385,18,True,222466,88953,False,False,ejecutivo,,False,True,480,528330,453558,253787,147
82,99.082.000-K,AnaKiwi Prueba,58,F,Médico,412504,masivo,185,EjecutivoCereza 03,San Miguel,RM Oriente,2,0,True,True,True,False,True,304101,14,False,141025,141145,True,True,app,,False,False,350,1577627,262162,317100,131
83,99.083.000-K,PedroLimón Ficticio,49,M,Economista,1003757,masivo,170,EjecutivoTamarindo 04,Las Condes,RM Sur,3,2,True,False,True,False,True,773153,20,False,582673,609248,False,True,ejecutivo,,True,False,431,411349,665593,334987,129
84,99.084.000-K,MaríaPera Ejemplo,48,M,Profesor,2080164,select,56,EjecutivoLichee 05,Ñuñoa,RM Poniente,2,2,True,False,False,False,True,2782752,21,True,983942,1012915,False,True,app,Scotiabank,True,False,623,5001733,2114896,764094,48
85,99.085.000-K,JorgeUva Falso,41,M,Enfermero,1860801,select,148,EjecutivoJackfruit 06,Ñuñoa,RM Poniente,4,1,True,False,True,False,False,707407,23,True,2034485,1028803,True,True,app,,False,False,672,5439452,1278360,650841,83
86,99.086.000-K,ClaudiaFresa Test,32,M,Analista,4061607,premium,54,EjecutivoPomelo 07,Vitacura,RM Oriente,6,0,False,True,False,False,False,8636650,76,True,4767845,877181,True,True,email,,True,False,784,27534558,14322302,3450045,25
87,99.087.000-K,DiegoMelón Simulado,66,M,Administrador,425903,masivo,172,EjecutivoRambután 08,Maipú,RM Norte,3,1,True,True,True,True,True,460001,20,True,138435,347078,False,True,ejecutivo,,True,False,394,722847,678466,478698,94
88,99.088.000-K,ValentinaSandía Muestra,42,F,Médico,7714187,premium,133,EjecutivoCarambola 09,Ñuñoa,RM Oriente,4,1,False,True,True,False,False,8621269,105,True,8743571,1876699,True,False,email,,True,True,841,12290272,11127682,5407043,12
89,99.089.000-K,FelipePapaya Demo,62,F,Abogado,1998190,select,212,EjecutivoBanana 10,Santiago Centro,RM Oriente,4,0,False,True,True,False,False,1690932,39,True,1546486,1603769,True,False,app,,True,True,576,5272610,4784677,685204,22
90,99.090.000-K,SofíaCiruela Prueba,29,M,Técnico,1155762,masivo,92,EjecutivoCereza 11,San Miguel,RM Oriente,2,1,True,True,False,False,False,434038,5,True,494547,1032994,False,True,email,,True,False,516,468228,412593,416909,108
91,99.091.000-K,CarlosDurazno Ficticio,61,F,Arquitecto,2510729,select,228,EjecutivoTamarindo 12,Ñuñoa,RM Oriente,2,3,False,False,False,False,False,1874033,18,True,1870946,1573098,True,True,llamada,,False,False,587,5325723,2864811,1773031,73
92,99.092.000-K,AnaHigo Ejemplo,38,M,Ingeniero,6160960,premium,104,EjecutivoLichee 13,Ñuñoa,RM Oriente,5,0,True,True,True,True,False,2151494,39,True,3302878,4092485,False,True,ejecutivo,Itaú,True,True,757,25645904,10345627,4191207,26
93,99.093.000-K,PedroGuayaba Falso,32,F,Administrador,490599,masivo,19,EjecutivoJackfruit 14,Providencia,RM Oriente,3,0,True,True,False,False,True,64740,20,False,566948,158895,True,False,app,,True,False,506,796000,549683,219495,164
94,99.094.000-K,MaríaMaracuyá Test,60,F,Economista,8574071,premium,38,EjecutivoPomelo 15,Vitacura,RM Sur,6,1,False,True,True,True,False,2627867,118,True,7854200,4450007,False,True,llamada,,False,True,850,25473355,12750124,2458854,3
95,99.095.000-K,JorgeLichi Simulado,65,M,Economista,6531963,premium,94,EjecutivoRambután 16,Ñuñoa,RM Sur,3,0,True,False,True,False,False,11351094,109,True,7394753,5237736,True,False,llamada,,False,False,910,18783440,7175125,3655512,44
96,99.096.000-K,ClaudiaFrambuesa Muestra,22,M,Analista,371415,masivo,31,EjecutivoCarambola 17,Las Condes,RM Poniente,2,1,True,True,False,False,False,582009,12,False,328649,136728,True,False,sms,,False,False,309,272063,374175,319194,178
97,99.097.000-K,DiegoArándano Demo,24,F,Economista,1156373,masivo,44,EjecutivoBanana 18,Santiago Centro,RM Sur,2,4,True,True,False,False,True,224259,8,False,1383580,468439,False,False,email,,True,False,501,454133,908037,220894,70
98,99.098.000-K,ValentinaCoco Prueba,64,M,Economista,2543630,select,104,EjecutivoCereza 19,Maipú,RM Sur,2,2,True,False,True,True,False,3083305,28,False,1358633,1587142,False,True,email,,False,False,580,6267585,2596655,1900767,74
99,99.099.000-K,FelipePiña Ficticio,46,F,Gerente,409106,masivo,6,EjecutivoTamarindo 20,Vitacura,RM Sur,1,4,True,True,False,False,False,346413,8,False,432619,241939,False,False,email,,False,False,333,718171,431499,325401,87
100,99.100.000-K,SofíaMenta Ejemplo,61,F,Consultor,680452,masivo,70,EjecutivoLichee 01,Ñuñoa,RM Poniente,2,1,True,False,False,False,False,85324,3,True,579280,140203,False,True,ejecutivo,Ripley,False,False,317,1000771,971952,241482,167
101,99.101.000-K,CarlosMango Falso,30,F,Arquitecto,3278105,select,229,EjecutivoJackfruit 02,San Miguel,RM Oriente,4,3,False,False,True,True,False,3295416,38,True,3734811,1874623,True,True,email,,False,True,611,2208055,2898968,617738,85
102,99.102.000-K,AnaKiwi Test,67,M,Economista,3109725,select,139,EjecutivoPomelo 03,Maipú,RM Norte,3,1,False,True,True,True,True,1398315,14,True,2950677,2143278,False,False,llamada,,False,False,579,7207938,2902923,1170772,82
103,99.103.000-K,PedroLimón Simulado,41,M,Técnico,982781,masivo,164,EjecutivoRambután 04,Vitacura,RM Sur,3,2,True,True,False,False,False,348734,6,False,547216,548633,True,True,llamada,,False,False,303,567527,206631,391646,73
104,99.104.000-K,MaríaPera Muestra,56,M,Administrador,3483044,select,93,EjecutivoCarambola 05,Maipú,RM Poniente,4,3,True,True,True,True,False,1871698,30,True,1824099,1422309,False,True,llamada,Banco Estado,False,True,587,6422640,4318190,1681189,70
105,99.105.000-K,JorgeUva Demo,59,F,Administrador,487792,masivo,149,EjecutivoBanana 06,Santiago Centro,RM Sur,1,3,False,True,False,False,False,456140,13,False,186914,367091,True,True,email,BICE,False,False,372,1474434,988673,323572,91
106,99.106.000-K,ClaudiaFresa Prueba,47,M,Vendedor,2130051,select,117,EjecutivoCereza 07,Las Condes,RM Norte,4,3,False,True,True,False,True,1641543,37,True,1425768,1712816,True,False,sms,Ripley,False,True,689,2591928,4722517,1264530,53
107,99.107.000-K,DiegoMelón Ficticio,60,M,Enfermero,2425221,select,37,EjecutivoTamarindo 08,Santiago Centro,RM Sur,4,0,False,False,True,False,True,1888265,22,False,1218238,1181375,True,True,llamada,,False,False,576,5946772,2173932,1296975,34
108,99.108.000-K,ValentinaSandía Ejemplo,33,F,Profesor,368525,masivo,49,EjecutivoLichee 09,Las Condes,RM Sur,3,3,True,False,False,False,False,732061,14,True,343463,225523,True,False,email,Falabella,True,False,354,1781826,462646,465661,85
109,99.109.000-K,FelipePapaya Falso,33,F,Profesor,822716,masivo,187,EjecutivoJackfruit 10,San Miguel,RM Norte,1,4,True,True,False,False,False,62666,8,True,716582,221277,False,False,sms,Scotiabank,True,False,398,328980,381884,376532,132
110,99.110.000-K,SofíaCiruela Test,39,F,Abogado,5913286,premium,101,EjecutivoPomelo 11,Santiago Centro,RM Poniente,4,1,False,True,True,False,False,4048973,94,True,5122753,3907234,True,True,app,,False,False,742,24401523,19527840,2976500,10
111,99.111.000-K,CarlosDurazno Simulado,36,M,Consultor,891528,masivo,82,EjecutivoRambután 12,San Miguel,RM Sur,2,1,True,True,True,False,True,360839,3,False,606885,577942,False,False,email,,False,False,309,1409896,702281,313341,136
112,99.112.000-K,AnaHigo Muestra,33,M,Diseñador,882326,masivo,48,EjecutivoCarambola 13,Providencia,RM Sur,1,3,False,False,False,False,False,470331,20,True,905169,499717,False,False,sms,Itaú,False,True,356,766594,504985,384843,126
113,99.113.000-K,PedroGuayaba Demo,32,M,Arquitecto,4451942,premium,232,EjecutivoBanana 14,Santiago Centro,RM Sur,3,0,True,True,False,False,False,4293058,81,True,2538904,1610648,True,True,llamada,,False,False,773,11670092,12675600,4892234,11
114,99.114.000-K,MaríaMaracuyá Prueba,44,F,Diseñador,6411117,premium,8,EjecutivoCereza 15,Ñuñoa,RM Poniente,3,2,True,False,False,True,False,11063974,30,True,2156887,3430570,False,True,email,,True,False,715,18228597,6925043,4336800,26
115,99.115.000-K,JorgeLichi Ficticio,29,F,Abogado,792896,masivo,6,EjecutivoTamarindo 16,Santiago Centro,RM Norte,1,4,False,True,False,False,True,161211,15,False,889185,399814,False,True,email,,True,True,309,451602,307283,385828,66
116,99.116.000-K,ClaudiaFrambuesa Ejemplo,35,F,Médico,644480,masivo,197,EjecutivoLichee 17,Ñuñoa,RM Poniente,1,4,True,True,False,False,False,514967,17,False,216427,144408,True,True,app,,False,False,512,1596412,157601,217347,108
117,99.117.000-K,DiegoArándano Falso,36,M,Consultor,1015938,masivo,23,EjecutivoJackfruit 18,Providencia,RM Poniente,3,3,True,True,True,False,True,691435,4,True,1127130,636198,False,False,app,,True,False,530,322358,782228,282483,166
118,99.118.000-K,ValentinaCoco Test,55,F,Ingeniero,6631641,premium,37,EjecutivoPomelo 19,San Miguel,RM Oriente,3,2,True,True,False,True,False,6021656,88,False,2232633,5503785,True,True,email,Itaú,False,False,899,12276108,13269861,2438250,8
119,99.119.000-K,FelipePiña Simulado,32,M,Profesor,1643635,select,238,EjecutivoRambután 20,Santiago Centro,RM Norte,4,1,False,True,False,True,True,3369371,34,False,911859,834981,False,True,ejecutivo,,False,True,576,4458455,4513729,801286,24
120,99.120.000-K,SofíaMenta Muestra,46,M,Ingeniero,2110885,select,130,EjecutivoCarambola 01,San Miguel,RM Sur,4,3,True,True,False,True,False,914975,36,True,719021,1329066,True,False,app,,False,False,647,4228174,3192210,1442448,28
121,99.121.000-K,CarlosMango Demo,36,M,Diseñador,6250015,premium,123,EjecutivoBanana 02,Las Condes,RM Norte,6,1,True,True,False,False,False,10649188,99,False,4076587,4175526,True,True,llamada,BICE,False,False,718,13833799,18561313,4078941,35
122,99.122.000-K,AnaKiwi Prueba,45,F,Profesor,4597529,premium,190,EjecutivoCereza 03,San Miguel,RM Poniente,4,1,True,False,True,False,False,2096467,91,True,4832958,3260571,False,False,llamada,,True,True,850,16421737,12384479,2428135,38
123,99.123.000-K,PedroLimón Ficticio,61,M,Administrador,1730997,select,124,EjecutivoTamarindo 04,San Miguel,RM Poniente,2,1,False,True,False,True,False,1084812,24,False,1221439,1442039,False,True,app,Scotiabank,False,False,593,3550938,2771178,1063540,16
124,99.124.000-K,MaríaPera Ejemplo,58,M,Abogado,819950,masivo,115,EjecutivoLichee 05,Ñuñoa,RM Poniente,1,1,True,False,False,False,False,656593,20,False,786240,337173,False,False,app,Itaú,False,True,528,636180,262854,159090,142
125,99.125.000-K,JorgeUva Falso,35,M,Enfermero,6376907,premium,98,EjecutivoJackfruit 06,Maipú,RM Oriente,5,2,True,True,False,False,True,6792724,36,True,6663382,4717699,True,True,email,,True,True,842,27621131,19512012,2388731,42
126,99.126.000-K,ClaudiaFresa Test,27,F,Administrador,5027202,premium,26,EjecutivoPomelo 07,Ñuñoa,RM Oriente,6,1,False,True,True,False,False,14565427,77,True,2596612,1866303,True,False,app,,True,True,917,12798553,9131468,3581862,35
127,99.127.000-K,DiegoMelón Simulado,64,F,Enfermero,997767,masivo,43,EjecutivoRambután 08,Providencia,RM Oriente,2,2,True,True,False,True,False,377686,2,True,408014,274271,True,False,email,BICE,False,True,307,1237975,367344,168065,79
128,99.128.000-K,ValentinaSandía Muestra,42,F,Gerente,2931623,select,206,EjecutivoCarambola 09,Las Condes,RM Oriente,2,0,True,True,False,False,True,2059558,40,False,2269565,1381389,True,True,email,,False,False,581,6281020,2225476,1225472,17
129,99.129.000-K,FelipePapaya Demo,47,M,Arquitecto,7730221,premium,91,EjecutivoBanana 10,Providencia,RM Oriente,3,1,False,False,False,False,False,4975348,76,False,8465923,6086861,True,True,llamada,,True,False,920,18489243,16149430,3644554,28
130,99.130.000-K,SofíaCiruela Prueba,31,F,Economista,373593,masivo,126,EjecutivoCereza 11,Providencia,RM Poniente,2,4,True,True,True,False,False,594451,16,True,223190,290418,True,False,llamada,,False,False,352,1775444,510136,228889,67
131,99.131.000-K,CarlosDurazno Ficticio,38,M,Técnico,906849,masivo,14,EjecutivoTamarindo 12,Maipú,RM Sur,3,0,True,False,True,False,False,747690,10,True,620177,549821,False,False,email,Itaú,True,False,527,1690131,474043,479912,92
132,99.132.000-K,AnaHigo Ejemplo,30,M,Administrador,2359232,select,165,EjecutivoLichee 13,Providencia,RM Oriente,2,3,True,True,True,True,True,795465,13,True,1075851,1154471,False,False,llamada,,False,False,675,4711427,4554507,1659941,79
133,99.133.000-K,PedroGuayaba Falso,36,F,Profesor,2120940,select,231,EjecutivoJackfruit 14,San Miguel,RM Poniente,2,2,True,False,False,True,False,3761973,41,True,1048841,1399520,False,False,ejecutivo,,True,False,552,4012196,3154857,1259304,27
134,99.134.000-K,MaríaMaracuyá Test,40,M,Administrador,538477,masivo,31,EjecutivoPomelo 15,Vitacura,RM Sur,3,1,True,False,False,False,True,578260,5,False,306915,389962,True,False,llamada,Scotiabank,True,False,310,1395400,704575,185979,146
135,99.135.000-K,JorgeLichi Simulado,24,F,Diseñador,635398,masivo,177,EjecutivoRambután 16,Las Condes,RM Poniente,1,0,True,True,False,False,True,291749,9,True,524458,489385,True,False,ejecutivo,Scotiabank,False,True,403,931349,134368,339246,140
136,99.136.000-K,ClaudiaFrambuesa Muestra,22,M,Contador,5492396,premium,74,EjecutivoCarambola 17,San Miguel,RM Poniente,6,2,True,False,False,True,False,9686865,52,False,2230618,2002721,True,True,llamada,Itaú,True,False,812,28961775,8228195,3393224,17
137,99.137.000-K,DiegoArándano Demo,29,F,Contador,2147408,select,178,EjecutivoBanana 18,Maipú,RM Oriente,3,2,True,False,False,True,False,2112947,15,True,1165686,1884108,True,True,ejecutivo,,False,False,589,7510958,2911590,1917985,64
138,99.138.000-K,ValentinaCoco Prueba,65,M,Gerente,6628992,premium,206,EjecutivoCereza 19,Santiago Centro,RM Sur,4,1,False,True,False,True,True,10997025,46,True,5922003,2549691,True,True,sms,Banco Estado,False,False,978,24329409,16348561,3794736,17
139,99.139.000-K,FelipePiña Ficticio,24,F,Técnico,1406832,select,152,EjecutivoTamarindo 20,Vitacura,RM Poniente,3,1,False,False,False,False,False,3482589,45,True,1542851,293734,False,False,app,,False,False,558,5037275,2294168,769613,49
140,99.140.000-K,SofíaMenta Ejemplo,53,M,Diseñador,528998,masivo,127,EjecutivoLichee 01,Maipú,RM Poniente,3,2,True,False,False,False,False,619334,2,False,550097,358913,False,True,llamada,,False,False,490,1373856,612882,447305,140
141,99.141.000-K,CarlosMango Falso,29,F,Médico,3255229,select,71,EjecutivoJackfruit 02,Providencia,RM Norte,2,1,True,False,True,False,False,697935,26,False,1053164,2095024,True,False,app,,False,False,630,6856655,3760635,1419415,36
142,99.142.000-K,AnaKiwi Test,62,M,Ingeniero,2619717,select,189,EjecutivoPomelo 03,Ñuñoa,RM Poniente,4,3,True,True,True,False,True,2758895,38,True,2417292,984095,True,False,email,Banco Estado,True,False,584,7899435,1793814,1307907,77
143,99.143.000-K,PedroLimón Simulado,56,F,Técnico,757631,masivo,143,EjecutivoRambután 04,Providencia,RM Norte,1,1,False,True,True,False,False,71037,4,False,438025,504903,False,False,email,,True,True,523,502309,478122,188516,73
144,99.144.000-K,MaríaPera Muestra,36,M,Contador,3447057,select,166,EjecutivoCarambola 05,Maipú,RM Sur,3,3,True,True,False,False,False,797809,32,False,1142504,782304,True,False,sms,Itaú,True,True,568,4703231,1416987,671447,78
145,99.145.000-K,JorgeUva Demo,59,F,Enfermero,2215910,select,6,EjecutivoBanana 06,Providencia,RM Oriente,3,2,False,False,True,True,False,2540604,13,True,2201833,1933191,True,True,ejecutivo,Ripley,True,True,573,3451129,3983353,529653,55
146,99.146.000-K,ClaudiaFresa Prueba,51,F,Profesor,3272541,select,28,EjecutivoCereza 07,Maipú,RM Sur,4,2,True,False,True,False,False,3386696,13,True,2399113,867687,True,False,email,,True,False,578,2131941,3688287,1264435,46
147,99.147.000-K,DiegoMelón Ficticio,33,F,Administrador,1778745,select,223,EjecutivoTamarindo 08,Las Condes,RM Sur,3,1,True,False,True,True,True,589974,41,False,1403684,444927,True,False,ejecutivo,,False,False,652,2158136,2496194,569537,56
148,99.148.000-K,ValentinaSandía Ejemplo,46,F,Ingeniero,3207049,select,134,EjecutivoLichee 09,Vitacura,RM Oriente,3,1,True,False,True,True,True,1751925,16,False,3696810,1650671,False,True,app,Itaú,False,False,624,3758446,1522900,1324229,58
149,99.149.000-K,FelipePapaya Falso,56,M,Técnico,2959572,select,21,EjecutivoJackfruit 10,Providencia,RM Sur,4,1,False,True,True,False,True,3294784,30,True,2859795,958317,True,True,sms,,False,False,614,3099782,2479983,1462676,47
150,99.150.000-K,SofíaCiruela Test,50,M,Médico,2386649,select,158,EjecutivoPomelo 11,Santiago Centro,RM Poniente,3,0,False,False,True,False,False,2465592,22,True,2845525,1677705,True,False,llamada,Ripley,True,False,556,3454978,4133631,1714160,83
151,99.151.000-K,CarlosDurazno Simulado,48,M,Consultor,2232043,select,73,EjecutivoRambután 12,Providencia,RM Poniente,3,1,False,False,True,False,False,577676,37,False,759387,1467367,True,False,sms,Scotiabank,False,False,616,7535198,2195028,1918495,70
152,99.152.000-K,AnaHigo Muestra,32,M,Gerente,591105,masivo,82,EjecutivoCarambola 13,Ñuñoa,RM Poniente,2,4,True,False,True,False,True,204296,20,False,490407,409980,False,False,ejecutivo,,False,False,400,990506,466064,114813,94
153,99.153.000-K,PedroGuayaba Demo,34,M,Vendedor,2727873,select,27,EjecutivoBanana 14,Ñuñoa,RM Oriente,2,1,True,True,True,False,True,1061794,50,True,1443409,761667,True,True,sms,,False,True,694,6125237,2489110,1843891,63
154,99.154.000-K,MaríaMaracuyá Prueba,43,M,Abogado,1127428,masivo,206,EjecutivoCereza 15,Maipú,RM Sur,3,4,True,False,True,False,False,50950,15,False,487198,705177,False,True,llamada,,False,True,548,1844094,343618,149828,74
155,99.155.000-K,JorgeLichi Ficticio,27,M,Abogado,1139739,masivo,110,EjecutivoTamarindo 16,Maipú,RM Poniente,2,0,True,False,False,False,False,287984,13,True,934542,476995,False,False,email,,True,False,505,1862697,821663,283147,137
156,99.156.000-K,ClaudiaFrambuesa Ejemplo,54,F,Arquitecto,448818,masivo,169,EjecutivoLichee 17,Maipú,RM Sur,2,0,True,False,True,False,False,565445,14,False,397301,360326,False,True,llamada,Scotiabank,False,True,491,1553377,881965,369297,51
157,99.157.000-K,DiegoArándano Falso,67,M,Ingeniero,409861,masivo,164,EjecutivoJackfruit 18,Las Condes,RM Sur,2,4,True,True,True,False,False,424244,13,False,396361,329775,False,False,ejecutivo,Falabella,False,False,381,887194,586663,455879,49
158,99.158.000-K,ValentinaCoco Test,23,M,Técnico,2428228,select,125,EjecutivoPomelo 19,Maipú,RM Oriente,3,0,True,False,False,True,True,2449653,11,True,2804540,1385068,False,False,sms,Scotiabank,False,True,659,2961463,1350030,517199,21
159,99.159.000-K,FelipePiña Simulado,64,M,Administrador,717307,masivo,121,EjecutivoRambután 20,Maipú,RM Oriente,2,0,True,True,True,True,False,724849,8,False,314558,577816,False,False,ejecutivo,,True,False,483,1748150,893970,304172,121
160,99.160.000-K,SofíaMenta Muestra,34,F,Abogado,8263557,premium,163,EjecutivoCarambola 01,Las Condes,RM Poniente,6,1,True,False,False,False,False,9601015,58,True,3698841,3484663,True,True,sms,,False,True,976,14799464,6153380,4706745,31
161,99.161.000-K,CarlosMango Demo,40,F,Analista,935146,masivo,177,EjecutivoBanana 02,Ñuñoa,RM Norte,3,4,False,True,True,False,True,491479,8,True,472330,332494,True,True,email,,False,True,411,1863602,971394,182400,30
162,99.162.000-K,AnaKiwi Prueba,30,F,Técnico,730902,masivo,183,EjecutivoCereza 03,Santiago Centro,RM Poniente,1,3,False,True,False,False,False,360493,7,False,706418,517640,True,True,app,Itaú,False,False,546,1611944,570574,219982,53
163,99.163.000-K,PedroLimón Ficticio,36,M,Médico,882880,masivo,27,EjecutivoTamarindo 04,Santiago Centro,RM Poniente,3,2,False,True,False,True,True,637709,18,True,302902,309873,False,False,llamada,,False,True,532,581350,866703,294064,136
164,99.164.000-K,MaríaPera Ejemplo,24,F,Arquitecto,728321,masivo,43,EjecutivoLichee 05,Ñuñoa,RM Poniente,1,4,True,True,True,False,False,151099,2,False,381665,337765,True,True,email,,True,False,505,1050655,175293,302839,175
165,99.165.000-K,JorgeUva Falso,66,F,Arquitecto,1855694,select,197,EjecutivoJackfruit 06,Santiago Centro,RM Oriente,3,3,False,True,True,False,False,3725070,16,False,1574281,1458418,True,True,email,,True,False,557,3291670,2577843,1854230,22
166,99.166.000-K,ClaudiaFresa Test,44,F,Ingeniero,528155,masivo,39,EjecutivoPomelo 07,Providencia,RM Norte,2,4,False,False,True,False,True,488625,4,True,549833,383213,True,False,llamada,,False,False,313,1897062,493592,304720,144
167,99.167.000-K,DiegoMelón Simulado,43,F,Abogado,734037,masivo,24,EjecutivoRambután 08,San Miguel,RM Norte,1,4,True,False,True,False,True,443817,10,True,832183,265666,False,True,app,,False,False,542,1788418,803432,308818,27
168,99.168.000-K,ValentinaSandía Muestra,44,F,Economista,2124794,select,152,EjecutivoCarambola 09,Vitacura,RM Sur,4,0,True,True,False,True,False,1682938,33,False,905857,978146,True,False,llamada,,False,False,658,4381169,2943097,1148585,38
169,99.169.000-K,FelipePapaya Demo,39,M,Contador,604867,masivo,206,EjecutivoBanana 10,Vitacura,RM Poniente,2,1,True,False,False,True,True,177799,7,False,617189,519224,True,False,ejecutivo,,False,True,525,1376617,800993,202553,35
170,99.170.000-K,SofíaCiruela Prueba,68,F,Consultor,6894364,premium,201,EjecutivoCereza 11,Vitacura,RM Sur,6,0,True,False,True,False,True,10177848,57,True,7080116,6103961,True,True,llamada,,False,False,795,29455226,16781624,3170583,39
171,99.171.000-K,CarlosDurazno Ficticio,37,F,Contador,561898,masivo,203,EjecutivoTamarindo 12,Providencia,RM Sur,2,1,True,True,False,False,True,548658,15,True,558703,436820,False,False,sms,Itaú,False,False,346,1748050,178364,389869,33
172,99.172.000-K,AnaHigo Ejemplo,52,F,Vendedor,1857192,select,138,EjecutivoLichee 13,Maipú,RM Norte,2,2,False,True,False,False,False,2451480,22,True,1524934,733235,True,False,llamada,,False,False,672,2316347,2612673,1873104,47
173,99.173.000-K,PedroGuayaba Falso,33,F,Enfermero,3688292,premium,183,EjecutivoJackfruit 14,Santiago Centro,RM Poniente,6,2,True,False,False,False,True,11342963,66,True,3654460,1737279,True,True,ejecutivo,Scotiabank,False,False,991,12366519,6018050,2317248,5
174,99.174.000-K,MaríaMaracuyá Test,50,F,Administrador,3188521,select,22,EjecutivoPomelo 15,Maipú,RM Poniente,4,0,True,True,True,False,False,1085177,46,False,2489127,1632701,False,False,ejecutivo,Falabella,True,False,630,2542626,4960636,1303221,40
175,99.175.000-K,JorgeLichi Simulado,51,F,Analista,1650041,select,226,EjecutivoRambután 16,Las Condes,RM Poniente,2,0,False,False,True,True,True,545330,33,True,1440647,614274,True,True,ejecutivo,,False,False,580,3712057,2186414,947169,14
176,99.176.000-K,ClaudiaFrambuesa Muestra,53,F,Consultor,3065633,select,212,EjecutivoCarambola 17,San Miguel,RM Poniente,4,1,False,True,False,False,True,3666210,47,False,1814994,1700082,False,False,llamada,Itaú,False,False,612,5207219,3276916,1845039,55
177,99.177.000-K,DiegoArándano Demo,39,F,Médico,738028,masivo,123,EjecutivoBanana 18,Vitacura,RM Norte,1,2,True,True,False,False,True,212032,19,False,824588,303853,False,True,app,,True,False,483,438571,874398,129512,156
178,99.178.000-K,ValentinaCoco Prueba,28,F,Médico,2505270,select,181,EjecutivoCereza 19,San Miguel,RM Norte,4,1,True,True,True,False,False,1242544,27,False,1784677,1195849,True,True,ejecutivo,,True,False,692,6052478,4538789,1126663,58
179,99.179.000-K,FelipePiña Ficticio,24,F,Abogado,861592,masivo,222,EjecutivoTamarindo 20,Las Condes,RM Poniente,1,4,False,False,False,False,False,120675,9,True,413392,313502,True,False,llamada,,False,False,321,816102,909607,299037,114
180,99.180.000-K,SofíaMenta Ejemplo,45,F,Arquitecto,1029025,masivo,144,EjecutivoLichee 01,San Miguel,RM Norte,3,4,True,True,True,False,True,180378,15,False,1208992,418919,False,False,email,,False,True,513,1014001,144997,460066,27
181,99.181.000-K,CarlosMango Falso,46,M,Arquitecto,560653,masivo,10,EjecutivoJackfruit 02,Santiago Centro,RM Oriente,1,2,True,False,True,False,True,402460,18,True,196456,166503,False,False,ejecutivo,,False,False,319,911008,637397,106930,167
182,99.182.000-K,AnaKiwi Test,58,F,Ingeniero,3027290,select,229,EjecutivoPomelo 03,San Miguel,RM Oriente,2,1,True,True,True,False,False,2743576,34,True,965153,1114155,True,True,sms,,False,False,634,3457087,1483663,1167805,81
183,99.183.000-K,PedroLimón Simulado,59,M,Gerente,431265,masivo,24,EjecutivoRambután 04,San Miguel,RM Sur,3,4,False,True,False,False,False,774250,13,True,241018,308331,False,True,ejecutivo,,True,False,542,801561,458664,200307,43
184,99.184.000-K,MaríaPera Muestra,31,F,Vendedor,3285460,select,196,EjecutivoCarambola 05,Las Condes,RM Norte,2,2,True,False,False,False,False,1944558,26,True,2530675,1737085,False,False,sms,,True,False,668,4414756,4587429,1388887,15
185,99.185.000-K,JorgeUva Demo,55,M,Ingeniero,1454591,select,135,EjecutivoBanana 06,Ñuñoa,RM Sur,2,0,True,True,False,True,False,1947145,17,False,640174,609031,True,False,llamada,Falabella,True,False,647,3917699,1159750,690103,27
186,99.186.000-K,ClaudiaFresa Prueba,61,M,Arquitecto,1321852,select,57,EjecutivoCereza 07,San Miguel,RM Norte,2,1,False,True,True,True,False,2946764,14,False,604615,517705,True,False,sms,,False,False,680,5510761,4330721,1018268,6
187,99.187.000-K,DiegoMelón Ficticio,40,F,Gerente,4801860,premium,9,EjecutivoTamarindo 08,Ñuñoa,RM Norte,4,2,True,False,False,False,False,8665401,35,False,5301891,1188133,True,False,email,,False,False,986,26666363,12556636,5066651,18
188,99.188.000-K,ValentinaSandía Ejemplo,31,F,Administrador,1216486,select,143,EjecutivoLichee 09,Vitacura,RM Sur,3,0,True,False,False,False,True,2319549,15,False,1028720,844477,True,False,email,Scotiabank,False,True,568,5758527,2739517,1105969,79
189,99.189.000-K,FelipePapaya Falso,33,M,Gerente,1241412,select,236,EjecutivoJackfruit 10,Vitacura,RM Norte,2,0,True,True,False,True,False,2616311,32,False,900932,634444,False,False,llamada,Scotiabank,False,False,671,3469014,4924189,1088874,38
190,99.190.000-K,SofíaCiruela Test,47,F,Administrador,1094715,masivo,192,EjecutivoPomelo 11,Ñuñoa,RM Oriente,3,2,False,True,True,True,False,658507,11,True,910319,465815,False,False,ejecutivo,,False,False,366,1734088,316914,455402,145
191,99.191.000-K,CarlosDurazno Simulado,29,M,Administrador,1092212,masivo,89,EjecutivoRambután 12,Santiago Centro,RM Sur,1,2,True,False,True,False,False,795590,18,False,1109319,683274,False,False,llamada,,True,False,359,1754273,800618,386607,72
192,99.192.000-K,AnaHigo Muestra,40,M,Vendedor,1092910,masivo,43,EjecutivoCarambola 13,Maipú,RM Poniente,1,4,True,True,True,False,False,382389,16,True,485746,703248,False,False,sms,Ripley,False,False,340,841148,311155,481838,112
193,99.193.000-K,PedroGuayaba Demo,55,F,Profesor,469156,masivo,128,EjecutivoBanana 14,Santiago Centro,RM Norte,3,1,False,False,False,False,False,94793,15,True,474693,354315,True,True,sms,,False,False,338,296616,374106,468142,175
194,99.194.000-K,MaríaMaracuyá Prueba,35,F,Abogado,768643,masivo,165,EjecutivoCereza 15,Las Condes,RM Norte,2,0,True,False,False,True,True,92940,11,False,577299,486701,True,True,sms,,False,False,358,491953,706090,358513,129
195,99.195.000-K,JorgeLichi Ficticio,37,F,Gerente,1193804,masivo,52,EjecutivoTamarindo 16,Maipú,RM Sur,2,1,True,False,False,False,False,82321,6,False,694500,529720,True,False,llamada,,False,False,372,633827,989051,454008,179
196,99.196.000-K,ClaudiaFrambuesa Ejemplo,63,F,Abogado,351085,masivo,166,EjecutivoLichee 17,San Miguel,RM Oriente,2,0,True,True,True,False,True,243163,15,False,183288,228865,True,False,ejecutivo,,False,False,336,629015,698336,140787,153
197,99.197.000-K,DiegoArándano Falso,40,F,Economista,956228,masivo,11,EjecutivoJackfruit 18,Providencia,RM Sur,3,1,False,True,True,False,True,605820,10,True,462905,474910,False,False,sms,,False,False,448,229121,765811,139392,156
198,99.198.000-K,ValentinaCoco Test,39,F,Administrador,522746,masivo,19,EjecutivoPomelo 19,Santiago Centro,RM Sur,2,4,True,True,False,False,True,479098,7,True,587405,361505,False,True,email,,False,False,388,464990,628588,300286,108
199,99.199.000-K,FelipePiña Simulado,49,M,Arquitecto,2168154,select,215,EjecutivoRambután 20,Santiago Centro,RM Oriente,3,3,True,True,True,True,False,3812573,14,False,1300542,1682747,True,True,email,Falabella,False,False,614,7042772,2430062,1276122,80
200,99.200.000-K,SofíaMenta Muestra,62,F,Técnico,3457917,select,32,EjecutivoCarambola 01,Vitacura,RM Norte,4,1,True,True,True,False,False,3139994,27,True,3470037,1135382,False,True,llamada,BICE,False,False,621,2898574,2285768,917789,18
201,99.201.000-K,CarlosMango Demo,39,M,Médico,428274,masivo,107,EjecutivoBanana 02,San Miguel,RM Oriente,2,2,True,True,True,False,False,696778,16,True,475051,103080,False,True,sms,Ripley,False,False,433,619276,837529,249227,112
202,99.202.000-K,AnaKiwi Prueba,55,M,Arquitecto,695967,masivo,107,EjecutivoCereza 03,Ñuñoa,RM Norte,1,3,True,True,False,False,True,198102,2,False,424072,605526,True,False,app,Ripley,True,True,499,1947559,570988,123947,23
203,99.203.000-K,PedroLimón Ficticio,43,F,Contador,977771,masivo,154,EjecutivoTamarindo 04,Maipú,RM Sur,1,4,True,False,True,False,False,592557,3,True,960681,410598,True,False,email,BICE,False,False,525,1722154,759635,248392,50
204,99.204.000-K,MaríaPera Ejemplo,48,F,Consultor,1380245,select,110,EjecutivoLichee 05,San Miguel,RM Oriente,3,3,True,True,False,True,False,948606,18,True,1154330,342342,True,True,ejecutivo,BICE,False,False,683,4549941,2495517,676736,25
205,99.205.000-K,JorgeUva Falso,25,M,Arquitecto,4435176,premium,173,EjecutivoJackfruit 06,Providencia,RM Oriente,5,2,False,True,True,True,False,8594336,69,True,2577559,2548148,True,True,ejecutivo,,False,False,942,14693189,9200534,5021368,3
207,99.207.000-K,DiegoMelón Simulado,65,M,Abogado,3251931,select,64,EjecutivoRambután 08,Providencia,RM Sur,4,0,False,False,False,True,False,1241299,21,True,3660083,1243302,False,False,sms,,False,True,687,6200102,4256298,1006789,25
208,99.208.000-K,ValentinaSandía Muestra,28,M,Contador,948689,masivo,62,EjecutivoCarambola 09,San Miguel,RM Oriente,1,2,False,False,False,False,True,292053,7,False,479124,312124,True,False,app,,True,True,510,817949,979662,193176,78
209,99.209.000-K,FelipePapaya Demo,55,M,Enfermero,8860154,premium,118,EjecutivoBanana 10,Ñuñoa,RM Norte,5,1,True,True,True,True,True,2391054,101,True,10106753,5325702,True,False,llamada,,True,True,923,17860939,13432300,5222847,36
210,99.210.000-K,SofíaCiruela Prueba,43,M,Técnico,491895,masivo,52,EjecutivoCereza 11,Santiago Centro,RM Sur,1,3,True,True,True,False,False,272806,11,False,327333,420853,True,False,ejecutivo,,False,False,405,585175,783127,446503,89
211,99.211.000-K,CarlosDurazno Ficticio,52,F,Arquitecto,7378976,premium,195,EjecutivoTamarindo 12,Vitacura,RM Sur,3,0,True,False,True,True,True,11598667,95,False,7791819,1845455,True,False,sms,,True,False,725,18720319,12085361,5092930,10
212,99.212.000-K,AnaHigo Ejemplo,55,M,Médico,954960,masivo,29,EjecutivoLichee 13,Vitacura,RM Sur,2,1,True,False,True,False,False,600632,13,True,794974,432176,False,True,llamada,,True,False,317,1452078,146424,275370,133
213,99.213.000-K,PedroGuayaba Falso,66,F,Economista,562409,masivo,216,EjecutivoJackfruit 14,Providencia,RM Sur,2,2,True,False,False,False,True,105707,15,False,227773,172311,False,True,llamada,,False,False,349,1045270,460080,333239,30
214,99.214.000-K,MaríaMaracuyá Test,57,F,Administrador,3317467,select,38,EjecutivoPomelo 15,Vitacura,RM Norte,4,3,True,True,False,True,False,3495746,29,True,3631958,2771140,False,True,ejecutivo,Scotiabank,False,False,619,5220525,1030932,1282412,24
215,99.215.000-K,JorgeLichi Simulado,65,M,Profesor,3304408,select,144,EjecutivoRambután 16,Ñuñoa,RM Poniente,3,1,False,True,True,False,False,1353213,25,False,2408466,2475946,True,False,email,,False,True,604,4520674,1580071,1562355,78
216,99.216.000-K,ClaudiaFrambuesa Muestra,37,F,Economista,5528636,premium,65,EjecutivoCarambola 17,Santiago Centro,RM Poniente,5,0,True,False,False,False,True,14716958,47,True,5773215,2749627,False,False,llamada,,False,True,870,8905781,16819187,3320387,26
217,99.217.000-K,DiegoArándano Demo,39,M,Ingeniero,3273901,select,109,EjecutivoBanana 18,Las Condes,RM Poniente,3,1,True,True,True,False,False,1507011,18,False,1937423,2737491,False,True,email,,True,False,660,6586932,1716857,1051468,45
218,99.218.000-K,ValentinaCoco Prueba,32,M,Gerente,924690,masivo,172,EjecutivoCereza 19,Providencia,RM Oriente,1,4,True,False,True,False,False,214888,7,False,325319,593166,False,False,llamada,,False,False,449,1887142,508282,213893,107
219,99.219.000-K,FelipePiña Ficticio,28,F,Enfermero,1142307,masivo,176,EjecutivoTamarindo 20,Providencia,RM Sur,1,4,True,True,False,False,False,739967,3,False,1265176,551802,False,False,sms,BICE,True,False,496,646871,106306,115392,27
220,99.220.000-K,SofíaMenta Ejemplo,52,M,Profesor,433549,masivo,207,EjecutivoLichee 01,Las Condes,RM Poniente,2,4,True,False,False,False,False,173981,14,False,238787,153121,False,False,email,Banco Estado,False,False,420,1881003,981454,156453,56
221,99.221.000-K,CarlosMango Falso,30,F,Técnico,2858777,select,234,EjecutivoJackfruit 02,San Miguel,RM Sur,4,2,True,False,True,True,False,1014224,25,False,1867143,2211344,True,True,app,,True,False,699,7435291,1958725,1660866,68
222,99.222.000-K,AnaKiwi Test,49,F,Analista,520131,masivo,27,EjecutivoPomelo 03,Providencia,RM Poniente,1,1,True,True,False,True,True,525991,5,True,262666,279301,False,False,llamada,,False,False,449,1258924,665864,356072,120
223,99.223.000-K,PedroLimón Simulado,50,M,Profesor,543713,masivo,172,EjecutivoRambután 04,Vitacura,RM Oriente,1,4,False,True,True,False,True,459698,15,True,476215,263721,False,False,ejecutivo,,False,False,430,574913,774220,212510,172
224,99.224.000-K,MaríaPera Muestra,53,M,Consultor,3095760,select,186,EjecutivoCarambola 05,Santiago Centro,RM Norte,2,2,True,True,False,True,True,2092206,21,False,2890684,2766785,True,True,sms,,False,True,647,5970729,4130907,1713819,19
225,99.225.000-K,JorgeUva Demo,46,F,Diseñador,2003190,select,5,EjecutivoBanana 06,San Miguel,RM Poniente,4,1,False,False,False,True,False,950144,38,False,1861269,1350870,True,True,app,Ripley,False,True,591,6464744,1927936,891180,28
226,99.226.000-K,ClaudiaFresa Prueba,30,F,Contador,626199,masivo,148,EjecutivoCereza 07,Providencia,RM Poniente,2,2,True,False,True,False,False,252615,12,False,384776,300098,False,False,sms,,True,False,501,927398,411120,242104,167
227,99.227.000-K,DiegoMelón Ficticio,66,M,Enfermero,6820853,premium,154,EjecutivoTamarindo 08,Ñuñoa,RM Oriente,4,0,True,True,True,True,True,9340582,42,True,2207687,5439560,True,True,sms,Falabella,False,True,706,8975731,18427779,4881950,24
228,99.228.000-K,ValentinaSandía Ejemplo,35,F,Enfermero,1283224,select,118,EjecutivoLichee 09,Maipú,RM Oriente,2,1,True,True,False,False,False,2140072,38,True,1187285,831377,True,True,email,,False,False,663,4229464,3028322,570811,7
229,99.229.000-K,FelipePapaya Falso,58,M,Médico,3161896,select,16,EjecutivoJackfruit 10,Ñuñoa,RM Oriente,3,2,False,False,False,True,False,634545,10,True,2135005,2605510,True,False,llamada,Falabella,False,False,621,7949759,4026010,1417802,33
230,99.230.000-K,SofíaCiruela Test,32,M,Diseñador,1671413,select,198,EjecutivoPomelo 11,Maipú,RM Norte,4,0,False,True,True,True,False,3777195,35,True,1439837,1455803,True,False,email,,False,False,555,6974062,1421987,572127,50
231,99.231.000-K,CarlosDurazno Simulado,27,M,Enfermero,428208,masivo,148,EjecutivoRambután 12,San Miguel,RM Sur,1,3,False,True,False,False,True,549237,7,False,212747,385136,False,False,ejecutivo,,True,False,513,1611208,740688,172212,161
232,99.232.000-K,AnaHigo Muestra,67,M,Contador,1152481,masivo,147,EjecutivoCarambola 13,Maipú,RM Poniente,2,2,True,True,True,False,False,435405,18,False,735825,846262,False,False,sms,BICE,False,False,455,1576595,874340,385226,143
233,99.233.000-K,PedroGuayaba Demo,41,M,Contador,468399,masivo,35,EjecutivoBanana 14,Providencia,RM Norte,2,2,True,False,False,False,False,160622,2,True,443202,403997,True,False,app,,False,True,386,428148,536563,360533,146
234,99.234.000-K,MaríaMaracuyá Prueba,27,F,Administrador,3209467,select,142,EjecutivoCereza 15,Las Condes,RM Norte,4,3,False,True,True,False,True,2374858,13,True,1511494,917157,True,False,email,,False,True,635,3936794,1538280,644073,77
235,99.235.000-K,JorgeLichi Ficticio,68,F,Enfermero,1637970,select,137,EjecutivoTamarindo 16,San Miguel,RM Sur,4,2,True,True,True,False,True,615771,24,True,1482193,503350,True,False,app,Ripley,False,False,615,2890743,2647519,1623236,45
236,99.236.000-K,ClaudiaFrambuesa Ejemplo,42,F,Enfermero,4187813,premium,110,EjecutivoLichee 17,Santiago Centro,RM Oriente,6,2,False,True,False,True,True,2382979,64,True,4343569,3732303,True,True,app,BICE,False,False,911,19923258,19515323,2320870,39
238,99.238.000-K,ValentinaCoco Test,61,F,Economista,5632664,premium,140,EjecutivoPomelo 19,Santiago Centro,RM Oriente,4,2,True,False,True,False,False,12347602,52,True,3306863,3665688,True,False,email,,False,False,886,13759982,9807545,3015243,22
239,99.239.000-K,FelipePiña Simulado,68,F,Consultor,853466,masivo,204,EjecutivoRambután 20,Vitacura,RM Poniente,1,2,True,True,False,False,False,417862,14,False,263888,416533,False,False,llamada,,True,False,471,1374368,453957,275532,153
240,99.240.000-K,SofíaMenta Muestra,65,M,Arquitecto,3365906,select,161,EjecutivoCarambola 01,San Miguel,RM Oriente,2,0,False,True,False,False,False,784975,37,False,1318840,839256,True,True,ejecutivo,,True,False,655,3273370,3453274,539538,46
241,99.241.000-K,CarlosMango Demo,47,F,Médico,8508876,premium,119,EjecutivoBanana 02,Maipú,RM Poniente,6,1,True,False,False,False,False,6715327,89,True,6746236,5876802,True,True,llamada,,False,False,964,14122084,7443352,3462105,34
242,99.242.000-K,AnaKiwi Prueba,32,M,Médico,2548551,select,212,EjecutivoCereza 03,Ñuñoa,RM Oriente,4,3,False,True,True,False,False,3483831,47,False,1050397,1870785,True,False,ejecutivo,,False,False,598,3721455,4396568,1841520,56
243,99.243.000-K,PedroLimón Ficticio,33,F,Médico,1044109,masivo,191,EjecutivoTamarindo 04,Providencia,RM Oriente,1,2,True,False,True,False,True,227300,18,True,652563,393087,False,False,ejecutivo,,True,False,463,338664,956536,124141,40
244,99.244.000-K,MaríaPera Ejemplo,68,F,Arquitecto,7876814,premium,65,EjecutivoLichee 05,Maipú,RM Norte,3,2,True,False,True,False,True,7239608,78,False,4646894,5882506,False,True,ejecutivo,,False,False,714,16354377,17878111,2881790,12
245,99.245.000-K,JorgeUva Falso,57,F,Médico,2999867,select,202,EjecutivoJackfruit 06,Las Condes,RM Oriente,2,2,False,False,True,False,False,966099,31,False,973633,2139370,True,False,sms,,False,False,609,5488236,1950477,999476,57
246,99.246.000-K,ClaudiaFresa Test,65,M,Contador,2042358,select,116,EjecutivoPomelo 07,Maipú,RM Norte,3,3,True,True,False,True,False,3916978,40,True,1850986,900224,False,False,email,,False,False,608,7188605,3866811,592822,85
247,99.247.000-K,DiegoMelón Simulado,61,F,Gerente,7211489,premium,210,EjecutivoRambután 08,Ñuñoa,RM Poniente,4,2,True,False,True,False,False,7762488,62,True,3133047,4031789,True,True,email,Scotiabank,True,False,800,13782094,10682565,5448745,3
248,99.248.000-K,ValentinaSandía Muestra,26,F,Abogado,6766682,premium,86,EjecutivoCarambola 09,Santiago Centro,RM Sur,6,2,False,True,False,True,False,10150247,79,True,7258688,1363874,False,True,email,,False,False,848,12623060,15106884,3597231,22
249,99.249.000-K,FelipePapaya Demo,39,M,Consultor,3118873,select,203,EjecutivoBanana 10,Maipú,RM Poniente,2,0,True,False,False,False,True,1328575,11,True,2101272,2464452,False,False,app,BICE,False,False,605,6000582,4975128,777482,29
250,99.250.000-K,SofíaCiruela Prueba,63,F,Técnico,461575,masivo,183,EjecutivoCereza 11,Las Condes,RM Poniente,2,3,False,True,True,False,True,647042,6,False,330353,213188,True,True,email,,False,False,549,544461,821765,158812,122
251,99.251.000-K,CarlosDurazno Ficticio,68,F,Abogado,595483,masivo,185,EjecutivoTamarindo 12,San Miguel,RM Oriente,2,0,False,True,True,False,False,239488,6,True,487926,478778,False,False,sms,,True,False,379,232755,468509,230530,124
252,99.252.000-K,AnaHigo Ejemplo,41,F,Administrador,2277839,select,127,EjecutivoLichee 13,Santiago Centro,RM Poniente,4,1,True,True,False,False,False,2811455,25,True,1258293,1612634,True,True,email,,True,False,644,4947096,1328217,1766310,85
253,99.253.000-K,PedroGuayaba Falso,60,F,Técnico,8433278,premium,136,EjecutivoJackfruit 14,Las Condes,RM Norte,3,0,False,False,True,False,False,13839107,47,True,5839836,4841363,True,False,ejecutivo,,False,False,920,21287824,8674089,5782220,15
254,99.254.000-K,MaríaMaracuyá Test,50,M,Administrador,598132,masivo,161,EjecutivoPomelo 15,Santiago Centro,RM Sur,3,4,True,False,True,False,False,313178,13,False,589902,499498,True,True,llamada,Ripley,True,True,361,571803,496536,491865,62
255,99.255.000-K,JorgeLichi Simulado,64,F,Técnico,5315683,premium,93,EjecutivoRambután 16,Providencia,RM Norte,4,0,True,True,True,False,False,9898298,33,True,4005943,1966050,False,True,ejecutivo,,False,False,830,27883083,14981030,4496368,7
256,99.256.000-K,ClaudiaFrambuesa Muestra,54,F,Abogado,5141646,premium,158,EjecutivoCarambola 17,Santiago Centro,RM Poniente,6,0,True,True,True,False,True,2436234,85,False,5511743,2016312,True,True,sms,,True,False,889,19417900,8404866,5769798,28
257,99.257.000-K,DiegoArándano Demo,27,M,Médico,484563,masivo,154,EjecutivoBanana 18,Providencia,RM Poniente,1,4,False,True,True,False,False,354852,7,True,281261,388247,False,False,sms,,True,False,306,1886425,122201,143088,128
258,99.258.000-K,ValentinaCoco Prueba,39,M,Ingeniero,3227858,select,25,EjecutivoCereza 19,Ñuñoa,RM Sur,2,0,False,True,False,False,False,1388880,34,True,3526559,823952,False,True,app,,True,True,598,2612490,2262414,1744032,12
259,99.259.000-K,FelipePiña Ficticio,66,M,Técnico,745111,masivo,185,EjecutivoTamarindo 20,Santiago Centro,RM Norte,1,3,True,True,True,False,True,664023,12,False,889647,553451,False,False,llamada,BICE,False,False,502,467023,764846,109363,174
260,99.260.000-K,SofíaMenta Ejemplo,41,F,Ingeniero,646026,masivo,103,EjecutivoLichee 01,Las Condes,RM Norte,2,0,True,True,True,True,True,474849,17,True,309236,244477,False,False,sms,,False,False,435,427259,287536,235885,68
261,99.261.000-K,CarlosMango Falso,62,F,Técnico,1101737,masivo,220,EjecutivoJackfruit 02,San Miguel,RM Norte,1,4,True,False,True,True,True,717639,19,False,768989,620918,False,True,llamada,,False,False,472,1140747,462682,483292,131
262,99.262.000-K,AnaKiwi Test,23,M,Administrador,1642057,select,136,EjecutivoPomelo 03,Las Condes,RM Oriente,2,2,True,False,False,True,False,2401186,13,True,548775,1442243,True,True,ejecutivo,Itaú,True,False,589,7510217,1508969,1024651,39
263,99.263.000-K,PedroLimón Simulado,45,M,Consultor,3153184,select,196,EjecutivoRambután 04,Santiago Centro,RM Sur,3,1,True,True,False,False,False,3392515,28,False,2520178,2693355,False,False,llamada,Falabella,False,False,643,7997087,1873208,1352745,31
264,99.264.000-K,MaríaPera Muestra,59,M,Consultor,463047,masivo,67,EjecutivoCarambola 05,San Miguel,RM Poniente,1,1,False,False,False,False,False,65407,12,True,326831,246854,False,False,email,,False,False,319,567315,458320,109259,162
265,99.265.000-K,JorgeUva Demo,42,F,Técnico,700428,masivo,137,EjecutivoBanana 06,Ñuñoa,RM Sur,2,1,True,True,False,False,True,491628,17,False,636500,575624,True,True,llamada,,False,False,444,793405,433155,300101,162
266,99.266.000-K,ClaudiaFresa Prueba,51,M,Vendedor,652871,masivo,143,EjecutivoCereza 07,Las Condes,RM Sur,2,1,True,True,False,True,True,237571,4,True,733597,224714,True,False,app,Ripley,False,False,350,1661148,676047,135606,87
267,99.267.000-K,DiegoMelón Ficticio,28,M,Consultor,715494,masivo,36,EjecutivoTamarindo 08,Las Condes,RM Norte,3,4,True,True,False,True,False,143531,15,True,647667,208232,False,True,ejecutivo,,True,False,517,669842,627251,237349,84
268,99.268.000-K,ValentinaSandía Ejemplo,57,M,Técnico,1390502,select,78,EjecutivoLichee 09,Maipú,RM Sur,2,2,True,False,True,True,False,2277572,15,True,1544575,896838,False,True,email,Falabella,False,False,675,2534901,1210208,1681822,43
269,99.269.000-K,FelipePapaya Falso,68,F,Analista,802305,masivo,163,EjecutivoJackfruit 10,Las Condes,RM Norte,3,4,False,True,True,True,False,250004,5,False,687657,350760,True,True,sms,Ripley,False,False,527,270734,598748,175631,159
270,99.270.000-K,SofíaCiruela Test,36,M,Enfermero,646023,masivo,16,EjecutivoPomelo 11,Ñuñoa,RM Poniente,2,2,True,True,True,False,True,359133,5,False,756298,513955,True,False,email,,True,False,546,270143,981106,177253,31
271,99.271.000-K,CarlosDurazno Simulado,37,F,Técnico,1035756,masivo,48,EjecutivoRambután 12,San Miguel,RM Norte,3,1,False,False,True,False,False,156451,18,False,914583,335773,False,True,app,,False,False,486,507756,615472,123952,41
272,99.272.000-K,AnaHigo Muestra,40,F,Ingeniero,2344174,select,7,EjecutivoCarambola 13,Vitacura,RM Sur,3,3,True,True,True,False,True,743328,47,True,1601820,1788864,True,True,sms,,False,False,682,4821532,1561651,1113570,44
273,99.273.000-K,PedroGuayaba Demo,65,F,Vendedor,2495678,select,39,EjecutivoBanana 14,Santiago Centro,RM Sur,3,3,False,True,True,False,False,1287036,40,True,1537765,1752310,True,False,llamada,Falabella,False,True,694,4478747,4728344,1897560,6
274,99.274.000-K,MaríaMaracuyá Prueba,35,M,Arquitecto,1274607,select,199,EjecutivoCereza 15,Santiago Centro,RM Poniente,3,2,True,False,False,False,True,2653210,17,True,445732,748901,True,True,app,,False,False,621,7754734,2578739,1594845,28
275,99.275.000-K,JorgeLichi Ficticio,53,M,Abogado,1118237,masivo,210,EjecutivoTamarindo 16,Vitacura,RM Poniente,1,4,True,False,True,False,False,241765,14,False,399549,773753,True,False,ejecutivo,Itaú,False,False,516,1268629,285241,285818,67
276,99.276.000-K,ClaudiaFrambuesa Ejemplo,63,F,Ingeniero,1121609,masivo,218,EjecutivoLichee 17,Providencia,RM Norte,2,1,True,True,False,False,False,466715,3,False,406782,843471,False,False,email,Ripley,False,False,330,1315030,937899,436702,112
277,99.277.000-K,DiegoArándano Falso,44,F,Gerente,3146408,select,218,EjecutivoJackfruit 18,San Miguel,RM Norte,2,3,False,True,True,False,True,2608719,13,False,1980891,1578431,False,False,sms,BICE,False,False,583,5161367,4375496,762021,77
278,99.278.000-K,ValentinaCoco Test,27,F,Diseñador,1161916,masivo,56,EjecutivoPomelo 19,Ñuñoa,RM Sur,2,0,True,True,False,False,False,141641,18,True,622433,713093,True,False,email,Itaú,True,False,419,979700,562705,265520,128
279,99.279.000-K,FelipePiña Simulado,40,F,Contador,2960791,select,233,EjecutivoRambután 20,Las Condes,RM Poniente,2,2,False,True,False,True,False,1164518,41,True,3139449,1051946,True,False,app,Falabella,False,True,699,7033418,1105349,621127,49
280,99.280.000-K,SofíaMenta Muestra,62,F,Administrador,866478,masivo,221,EjecutivoCarambola 01,Las Condes,RM Oriente,1,4,True,True,False,False,False,120702,2,False,686478,744490,False,False,sms,BICE,True,False,455,926112,759088,236669,64
281,99.281.000-K,CarlosMango Demo,22,M,Administrador,749059,masivo,31,EjecutivoBanana 02,Ñuñoa,RM Sur,1,4,True,True,True,False,False,321127,9,False,615401,596096,True,True,email,,False,True,508,275251,472116,335964,34
282,99.282.000-K,AnaKiwi Prueba,64,F,Médico,2212266,select,132,EjecutivoCereza 03,Santiago Centro,RM Oriente,2,2,True,True,False,False,False,2345855,39,True,2531558,610584,True,True,email,Scotiabank,False,False,579,2411425,3452346,1543723,70
283,99.283.000-K,PedroLimón Ficticio,65,M,Economista,1415486,select,47,EjecutivoTamarindo 04,Las Condes,RM Norte,2,1,True,True,True,False,True,1432615,49,False,540022,823283,False,True,app,,False,False,581,4278589,3751231,1796828,66
284,99.284.000-K,MaríaPera Ejemplo,35,F,Ingeniero,3246546,select,199,EjecutivoLichee 05,Maipú,RM Poniente,3,0,False,True,True,True,True,663998,35,False,1669358,1722312,False,False,email,,True,True,632,5211788,3659431,1212468,84
285,99.285.000-K,JorgeUva Falso,68,M,Consultor,1186166,masivo,76,EjecutivoJackfruit 06,Vitacura,RM Oriente,3,2,True,True,True,False,True,123402,7,True,1129667,899726,False,False,sms,Ripley,False,True,497,1483351,510719,121427,40
286,99.286.000-K,ClaudiaFresa Test,46,M,Enfermero,2099421,select,38,EjecutivoPomelo 07,Ñuñoa,RM Oriente,2,1,True,True,False,False,False,2279008,28,True,2359198,1738016,True,True,ejecutivo,,False,False,695,2376055,4128444,539216,27
287,99.287.000-K,DiegoMelón Simulado,64,F,Abogado,1538657,select,79,EjecutivoRambután 08,Vitacura,RM Sur,4,3,True,False,True,False,False,3457918,25,True,1009403,400701,True,True,app,,False,False,560,3385596,4880857,1166651,25
288,99.288.000-K,ValentinaSandía Muestra,58,F,Gerente,2662555,select,38,EjecutivoCarambola 09,Las Condes,RM Norte,3,3,True,False,False,False,True,2561914,11,True,2425829,2061091,True,False,llamada,,False,False,659,4053520,2302927,1346926,77
289,99.289.000-K,FelipePapaya Demo,29,F,Contador,3847935,premium,83,EjecutivoBanana 10,Vitacura,RM Poniente,5,1,False,True,False,False,False,9909638,104,True,1504676,2723212,False,True,ejecutivo,,False,False,947,27806477,19918736,3289191,6
290,99.290.000-K,SofíaCiruela Prueba,46,M,Diseñador,1235497,select,157,EjecutivoCereza 11,Santiago Centro,RM Poniente,4,2,True,False,False,True,False,3901903,37,True,1031320,703600,True,True,sms,,True,False,657,6897358,3628668,900594,40
291,99.291.000-K,CarlosDurazno Ficticio,24,M,Arquitecto,1443209,select,29,EjecutivoTamarindo 12,Las Condes,RM Poniente,2,3,False,False,False,True,True,2039460,19,False,846964,406561,True,True,email,Banco Estado,False,False,611,5783569,3885743,1598810,83
292,99.292.000-K,AnaHigo Ejemplo,57,M,Enfermero,1476008,select,23,EjecutivoLichee 13,Maipú,RM Norte,3,3,True,False,False,False,True,2134629,18,True,1604339,915025,False,False,ejecutivo,,False,False,699,2729144,1255669,1786788,78
293,99.293.000-K,PedroGuayaba Falso,40,F,Arquitecto,4821134,premium,136,EjecutivoJackfruit 14,Vitacura,RM Sur,5,1,True,True,True,True,True,14127086,120,False,5103622,3236755,True,True,app,,False,False,941,28011195,15436940,2644532,32
294,99.294.000-K,MaríaMaracuyá Test,53,F,Gerente,5429429,premium,127,EjecutivoPomelo 15,Maipú,RM Sur,3,0,False,True,False,True,True,5345955,89,True,3696664,2898068,True,True,sms,,False,False,875,9336158,6913200,3223350,33
295,99.295.000-K,JorgeLichi Simulado,24,F,Consultor,930312,masivo,74,EjecutivoRambután 16,Vitacura,RM Poniente,3,1,True,True,True,False,False,623666,9,True,995582,607772,True,False,email,Ripley,True,True,415,1962490,355616,339447,142
296,99.296.000-K,ClaudiaFrambuesa Muestra,55,F,Médico,1152354,masivo,110,EjecutivoCarambola 17,Santiago Centro,RM Norte,3,4,False,True,False,False,False,310196,4,False,817344,472915,False,False,email,,False,True,303,1835377,779875,173138,37
297,99.297.000-K,DiegoArándano Demo,49,F,Técnico,1262811,select,93,EjecutivoBanana 18,Vitacura,RM Poniente,4,3,True,True,True,False,False,2223720,47,True,390377,859819,True,True,llamada,Falabella,True,False,615,4293623,3984917,1173025,78
298,99.298.000-K,ValentinaCoco Prueba,33,M,Administrador,1311615,select,53,EjecutivoCereza 19,Providencia,RM Poniente,4,3,True,False,True,False,False,2093968,42,True,718792,580476,True,True,email,,False,False,571,3793214,1350899,650963,35
299,99.299.000-K,FelipePiña Ficticio,38,M,Vendedor,3373701,select,235,EjecutivoTamarindo 20,Santiago Centro,RM Norte,4,2,True,False,False,False,False,1742459,29,True,3876253,708625,False,False,email,,True,False,668,7567843,1013109,1762684,75
300,99.300.000-K,SofíaMenta Ejemplo,48,F,Arquitecto,691615,masivo,13,EjecutivoLichee 01,San Miguel,RM Norte,3,2,True,False,False,False,False,666606,17,False,680107,577418,False,True,llamada,Banco Estado,False,False,422,727353,688024,179873,139
